{"cameraMode":{"drawMode":0,"name":"Shaded","section":"Shading Mode"},"sceneLighting":false,"audioPlay":false,"sceneViewState":{"showFog":false,"showMaterialUpdate":false,"showSkybox":false,"showFlares":false,"showImageEffects":false,"showParticleSystems":false},"in2DMode":false,"pivot":{"x":41.06999969482422,"y":0.7149999141693115,"z":9.828996658325196},"rotation":{"x":-0.01768331415951252,"y":0.025489160791039468,"z":0.0004308221978135407,"w":0.9995333552360535},"size":0.8660253882408142,"orthographic":false}