{"cameraMode":{"drawMode":0,"name":"Shaded","section":"Shading Mode"},"sceneLighting":false,"audioPlay":false,"sceneViewState":{"showFog":false,"showMaterialUpdate":false,"showSkybox":false,"showFlares":false,"showImageEffects":false,"showParticleSystems":false},"in2DMode":false,"pivot":{"x":4.750009536743164,"y":0.9800002574920654,"z":-2.8179931640625},"rotation":{"x":-0.20843857526779176,"y":-0.6890034675598145,"z":0.21791410446166993,"w":-0.6590850353240967},"size":2.9876580238342287,"orthographic":false}