{"cameraMode":{"drawMode":0,"name":"Shaded","section":"Shading Mode"},"sceneLighting":false,"audioPlay":false,"sceneViewState":{"showFog":false,"showMaterialUpdate":false,"showSkybox":false,"showFlares":false,"showImageEffects":false,"showParticleSystems":false},"in2DMode":false,"pivot":{"x":4.820000171661377,"y":0.9500002264976502,"z":-2.820000171661377},"rotation":{"x":0.06909492611885071,"y":0.7327548265457153,"z":-0.07521712779998779,"w":0.672836422920227},"size":2.692582368850708,"orthographic":false}