{"cameraMode":{"drawMode":0,"name":"Shaded","section":"Shading Mode"},"sceneLighting":true,"audioPlay":false,"sceneViewState":{"showFog":false,"showMaterialUpdate":false,"showSkybox":false,"showFlares":false,"showImageEffects":false,"showParticleSystems":false},"in2DMode":false,"pivot":{"x":357.30059814453127,"y":1.1700639724731446,"z":328.4822998046875},"rotation":{"x":-0.1500193029642105,"y":-0.8238074779510498,"z":0.256661593914032,"w":-0.48291924595832827},"size":26.681406021118165,"orthographic":false}