{"cameraMode":{"drawMode":0,"name":"Shaded","section":"Shading Mode"},"sceneLighting":false,"audioPlay":false,"sceneViewState":{"showFog":false,"showMaterialUpdate":false,"showSkybox":false,"showFlares":false,"showImageEffects":false,"showParticleSystems":false},"in2DMode":false,"pivot":{"x":247.98764038085938,"y":0.6000000238418579,"z":328.38153076171877},"rotation":{"x":-0.20843857526779176,"y":-0.6890034675598145,"z":0.21791410446166993,"w":-0.6590850353240967},"size":3.5571842193603517,"orthographic":false}