{"cameraMode":{"drawMode":0,"name":"Shaded","section":"Shading Mode"},"sceneLighting":false,"audioPlay":false,"sceneViewState":{"showFog":false,"showMaterialUpdate":false,"showSkybox":false,"showFlares":false,"showImageEffects":false,"showParticleSystems":false},"in2DMode":false,"pivot":{"x":4.880000114440918,"y":0.9300000071525574,"z":-2.8399996757507326},"rotation":{"x":0.11121958494186402,"y":0.7858073115348816,"z":-0.1481335312128067,"w":0.5901140570640564},"size":5.692583084106445,"orthographic":false}