{"cameraMode":{"drawMode":0,"name":"Shaded","section":"Shading Mode"},"sceneLighting":false,"audioPlay":false,"sceneViewState":{"showFog":false,"showMaterialUpdate":false,"showSkybox":false,"showFlares":false,"showImageEffects":false,"showParticleSystems":false},"in2DMode":false,"pivot":{"x":-2.034012794494629,"y":0.17000746726989747,"z":0.274991512298584},"rotation":{"x":-0.3573153018951416,"y":-0.6416327357292175,"z":0.45645207166671755,"w":-0.5023309588432312},"size":10.565422058105469,"orthographic":false}