{"cameraMode":{"drawMode":0,"name":"Shaded","section":"Shading Mode"},"sceneLighting":false,"audioPlay":false,"sceneViewState":{"showFog":false,"showMaterialUpdate":false,"showSkybox":false,"showFlares":false,"showImageEffects":false,"showParticleSystems":false},"in2DMode":false,"pivot":{"x":248.1159210205078,"y":0.6274999380111694,"z":328.38153076171877},"rotation":{"x":0.17104026675224305,"y":0.6911213994026184,"z":-0.17379271984100343,"w":0.6804384589195252},"size":3.657768487930298,"orthographic":false}