{"cameraMode":{"drawMode":0,"name":"Shaded","section":"Shading Mode"},"sceneLighting":false,"audioPlay":false,"sceneViewState":{"showFog":false,"showMaterialUpdate":false,"showSkybox":false,"showFlares":false,"showImageEffects":false,"showParticleSystems":false},"in2DMode":false,"pivot":{"x":2.725994825363159,"y":0.9887604117393494,"z":-2.5430071353912355},"rotation":{"x":-0.20843857526779176,"y":-0.6890034675598145,"z":0.21791410446166993,"w":-0.6590850353240967},"size":10.565530776977539,"orthographic":false}