{"cameraMode":{"drawMode":0,"name":"Shaded","section":"Shading Mode"},"sceneLighting":false,"audioPlay":false,"sceneViewState":{"showFog":false,"showMaterialUpdate":false,"showSkybox":false,"showFlares":false,"showImageEffects":false,"showParticleSystems":false},"in2DMode":false,"pivot":{"x":4.750009536743164,"y":0.9800002574920654,"z":-2.8179931640625},"rotation":{"x":0.16938696801662446,"y":0.7374958992004395,"z":-0.20079255104064942,"w":0.6221966743469238},"size":5.432769298553467,"orthographic":false}